"y","x1","x2","x3"
15116.9943830304,48.3302307568771,203.906565119306,"B"
16889.3397287025,48.4502398239626,207.498761777794,"B"
14170.0024718759,49.6757536619745,197.181472212634,"C"
18189.5844993001,58.2667680894909,197.408598408461,"B"
15788.4410017003,50.8909876168473,200.350295184156,"A"
14892.6351729626,49.9365102055319,199.975513205229,"C"
16457.7389548132,51.6076007626797,202.122860683413,"B"
13531.328036284,49.016521013032,200.103155566388,"B"
11630.5198703769,35.6148573635489,192.176964641394,"B"
15880.9980004171,49.1409690019315,203.137678158059,"A"
16072.4850248728,50.0807860297818,201.157035420494,"A"
15748.7260740839,50.7665351186023,205.581369424809,"A"
17642.3025796997,51.4707344122795,200.950957289044,"A"
11945.251963076,47.5225242408852,196.677294840281,"C"
15409.3891025714,50.4809427476892,201.860271711734,"A"
14852.3958078459,50.3859302801184,201.718149144379,"A"
16738.2029444252,50.3942318417077,199.930775829914,"C"
16485.9553759643,49.3960814278805,202.986934348324,"C"
8437.5360192723,30.5685020504296,200.853796316559,"C"
15578.5761828641,48.4427936932012,206.42975727559,"B"
15528.4572149327,50.2090571185444,199.292342905889,"C"
13817.9010012204,45.5343475203991,203.06616066184,"A"
14404.5175149718,49.8653902068921,202.690832837095,"B"
19322.6816829622,66.4285379826282,199.60065558356,"B"
14972.6549818634,52.9144452922743,202.180792289965,"A"
15173.0880234584,50.798292832116,197.006599247735,"B"
14712.4554080831,47.0234637933993,200.68343515678,"B"
14423.0859058235,51.3219312200333,198.975905665014,"A"
12760.0907668663,41.8830745990272,193.516827851676,"B"
15231.3779051905,49.8501736189173,200.896862311979,"B"
15938.759216472,50.2126180994599,203.661182296456,"B"
16632.1589780281,56.7075669529088,194.416031836698,"A"
13849.0308267425,50.101194611026,196.013290220047,"B"
17584.7788561835,53.8400421688725,198.888890859358,"B"
15819.8563526528,50.6178697323149,198.293413450169,"B"
16154.646475139,50.7563220721527,201.762547672964,"B"
16180.9963644706,51.4096221857551,197.878090694663,"B"
18220.7303850557,51.2453032225967,206.827876542356,"C"
16503.4066361281,57.8228268466887,194.831288851167,"A"
14900.5487319063,51.7378361632588,200.426551839724,"C"
14728.6187419834,47.5483108347984,203.714776529826,"A"
13877.2303898296,50.4076244888656,197.345797705361,"B"
11633.9586465945,50.3921105389627,198.541488062006,"B"
20219.3408969834,61.1755066078441,196.179760267466,"B"
15754.5214834535,50.5593176684875,199.980519379012,"C"
16128.2931841589,49.7509184664846,200.656660493401,"B"
15341.7323404977,53.7388307803361,201.196838268275,"A"
17466.4646216934,50.0712078758021,204.687885087039,"B"
9177.6653765482,29.9297626409378,196.895405626569,"B"
15073.3287454644,48.8193572395024,195.339364008409,"B"
14560.0494013593,49.1271039653961,197.734992524766,"B"
15771.339522371,51.559868495348,197.297948599693,"B"
13323.9876714545,49.9903033688314,195.175649633794,"A"
11647.2803254437,38.7601422852106,199.123129871318,"C"
15688.0719875678,49.8907908426038,203.58431590281,"C"
15848.4166990431,48.7490885153945,194.73880119186,"C"
14284.5879773734,44.0962905131246,202.577156402958,"B"
18769.9423655972,50.9672969900713,202.807943320861,"A"
12457.6550850349,45.7439470998603,200.991577574549,"A"
16094.0333678633,50.8372448549341,207.406313584607,"B"
14715.4192566046,49.8944229074675,201.536013638096,"B"
17358.3039421319,56.1279771963026,196.620044592478,"C"
16169.9673736729,49.698800177979,196.44214212302,"C"
17062.6292190117,51.4472798729915,200.570448280786,"A"
15969.6466807851,50.1687834390285,193.063441769395,"A"
15215.4465271527,49.3801451274037,199.703665291879,"A"
13429.0530991978,43.7588093336493,201.43458122193,"B"
17310.9072481879,49.3379335772084,201.550278429627,"C"
17417.9852875421,55.4000360747428,198.215478761078,"A"
15227.0477790521,49.5317026509165,202.026700344255,"A"
15951.7277231081,49.2202124240273,199.580212996765,"C"
14364.6531074748,51.3332253739902,196.033864575214,"B"
16523.5952674878,49.8730596805057,203.422755303312,"B"
16552.1825448968,56.1141039057907,195.926272781687,"A"
15700.6844173534,50.2313038424788,201.619269379978,"B"
16268.2677087435,51.1249064794412,200.962269716668,"A"
16418.7346375853,53.7085949523537,195.307585249573,"B"
13684.6563656137,50.1692073411777,197.623178338495,"B"
16755.5567701722,53.2125435870817,196.252674462606,"C"
14872.0158212197,48.6697311030092,203.084370775227,"A"
14945.9371601936,46.8502967938051,199.157336330346,"C"
17458.1226315575,54.5963894436432,195.850716475326,"C"
17648.4035799396,50.6143853673495,195.516747173247,"B"
13964.531047448,47.9222774934378,196.817327579853,"B"
16049.3401461206,50.902500298755,199.280973800557,"C"
16564.8705580293,52.5572310260392,198.918599331432,"C"
13441.3828468806,47.2686251710566,204.338658681261,"C"
18589.6913233873,49.0723531362836,204.137797766442,"C"
16133.8209268544,57.7903147850044,207.128741784718,"B"
15247.3803819305,49.5147793206161,200.450350418277,"A"
16599.4890400805,51.2132230648834,204.54903887251,"A"
15406.818301867,53.1896062784578,205.445344478386,"C"
17000.1666592508,50.7572563580802,200.320970269737,"B"
10274.5191527782,39.367836854877,201.305644582107,"A"
15246.6920959768,49.5201821836306,197.474021110964,"A"
15493.2331908188,49.338082353162,201.224705048481,"C"
13026.5850031755,41.8687552253946,206.590880428623,"C"
17019.6224826009,51.9620611637769,198.853843749143,"B"
19919.5323779757,60.0580272770962,205.905850936581,"A"
14956.9564221322,51.5301159125719,194.230228719945,"A"
15414.8574692062,51.0630408856085,196.765371969609,"C"
16002.9141738038,49.7409691515769,201.493275314448,"B"
15024.2520402766,49.9841437354509,204.813985312949,"C"
16934.2307808907,49.3216404740461,203.64637267163,"C"
15562.0735568682,48.3417928471773,197.365516795033,"C"
15277.4117070806,50.7207848234174,198.089070877914,"B"
15075.5060552113,47.6916889148343,202.667668701296,"A"
16792.1519844607,50.0506261528084,195.404952715178,"B"
13271.5867830614,45.9686921039553,202.700196227719,"B"
15265.2486762711,49.7460006619329,204.407937583934,"B"
15671.881790759,49.7214606586648,200.800858920272,"C"
13923.5179261434,46.3719123266528,196.747661787036,"B"
15971.9082192776,50.4932597150678,201.273240848149,"C"
15828.8264580133,48.261314771165,200.247447864515,"B"
15714.2209983397,49.2942193587725,199.675136102829,"A"
16104.9305155577,52.1633176038053,194.572524564027,"B"
14044.4751524942,44.6041374213386,201.891271518602,"B"
16774.638762306,50.0946520326104,205.74935571782,"A"
16643.1072879481,59.9150956325278,196.476691759917,"B"
13885.3628314041,50.1143074457859,194.888315949365,"B"
15709.4392420124,50.7394133118107,199.350006811436,"B"
17813.9485080016,54.0733613147932,202.804458698607,"B"
13769.2862836933,50.2494664931332,195.942211914949,"A"
15750.5512707023,47.6481862870428,201.934525865834,"B"
15979.8655229144,49.3536807912551,207.161270106224,"C"
15797.7553199356,49.5215821133975,194.7332974232,"B"
16569.7784132417,52.5078840559946,197.57065368732,"C"
14320.3842292944,50.3485398641363,197.700567858607,"A"
16157.0766671558,51.891244197611,201.76757223552,"C"
14904.1859886104,50.4899404242294,205.341153412948,"A"
15712.3875828281,49.9928145183314,203.905927968623,"C"
15223.1716799166,48.6178402321087,205.507427133071,"C"
17501.7410994746,51.4696358447275,202.590732225135,"C"
16745.9962624517,48.5256787067358,208.448121356819,"C"
15869.2710630503,50.3269593265216,200.578395273356,"B"
15045.6960031862,49.2868906920215,197.840322585654,"A"
17662.2068415525,53.3901587688416,206.423367289343,"B"
14069.4420560152,49.893467027995,197.128403674044,"B"
16222.4138675966,49.3131105753367,203.455355814484,"A"
15320.4425541517,50.6078801292207,195.037631582499,"B"
15514.6690136415,48.7527928749257,200.059231697544,"A"
14474.1799529472,49.7159923374068,199.615058820027,"B"
15685.5732493493,49.3734737461444,198.359705747694,"C"
12694.5474500419,42.7149294721099,196.737938726861,"B"
15248.4262573925,51.2619850491693,198.08762757724,"B"
15511.5756134657,49.3176927003,202.366184845956,"A"
15920.5080150284,52.3865835680953,202.777654465282,"B"
13570.6294123995,49.2998020560255,198.012419145741,"B"
19720.9367009905,59.9326085031592,207.33371227167,"B"
16179.5400540921,49.7422629269305,201.387133993687,"A"
16007.2802095259,52.0861085489258,199.703552515182,"A"
14038.3334826948,47.5798701953397,196.036759314207,"B"
14923.6547450967,50.8609045005713,200.734603069577,"B"
10541.6890076217,40.9362682405659,200.930867804045,"C"
15592.0909589332,50.4993846434593,202.522356850233,"B"
15815.4281718944,50.198517122742,201.521504360656,"A"
14569.469335817,44.8998390932275,202.409366868451,"B"
12768.0050506744,49.7654671566246,205.222956172097,"C"
17987.8362774684,56.2957836657108,204.995247415607,"B"
16720.3847288172,50.8375598757764,202.452791789596,"A"
15414.9016540284,50.8951619876992,200.973366037817,"A"
16780.9260050472,53.3138162879216,202.391005871666,"B"
17074.0801847145,50.6994897992438,195.29934267194,"B"
17193.378707915,65.4116774743673,191.148213171322,"C"
15140.8200135411,50.6651780258454,197.07286226512,"B"
14747.909779175,50.1121805479289,207.771354432388,"A"
15873.6741675218,47.4249589598498,193.294775214949,"B"
12792.7324103522,49.656722320523,193.466324920372,"B"
18305.5732349604,60.3916240590049,198.377901969125,"B"
15673.9341036848,50.191836294873,200.618020012001,"C"
16466.494682198,51.149251035082,197.983820466735,"B"
15453.6344990172,49.9556140297876,204.832893282622,"B"
14556.5787893494,50.4840409202288,194.836323036866,"B"
19149.368828012,64.215785722319,195.041429577445,"B"
14797.1335254854,48.5147579900632,203.208382530383,"C"
16310.985041825,52.7657275757454,201.063215025395,"B"
19270.53271098,52.313637256692,206.947496782532,"A"
14512.4370380488,49.5566083987294,203.962321144276,"C"
11524.726647049,37.7645350155538,204.597794020838,"C"
14429.5764335539,47.9000108429051,197.503377441878,"A"
16668.9922754303,50.1791269527816,198.539606877427,"B"
14188.8986533692,46.0470603381107,204.026238249416,"A"
17548.4430099194,47.9861323029212,198.162482177674,"A"
17818.9104706251,57.363162962794,196.573144966927,"C"
15786.6525021492,50.6124247470312,200.808956356145,"A"
15445.8815317021,50.238556228242,205.13754722377,"C"
13266.7537238362,45.3804051375378,198.921700608814,"B"
14642.8823171833,48.400420034225,203.093568077607,"B"
14621.5749587824,50.248352333579,202.98176298553,"B"
15075.0482817062,49.6646049075188,204.55222634872,"B"
14497.4079057873,47.1290478263414,203.718606781307,"B"
15487.6017399223,51.7975994650419,202.474083649966,"B"
11428.6149939605,49.7192269802772,192.1901971739,"B"
15977.7806374882,49.2768650716299,201.089145615735,"B"
15644.0094278892,49.1056117423504,202.340190936154,"C"
15145.0250307888,49.3349783930746,200.299346202944,"C"
14764.9685063709,47.0653228285265,195.749437055189,"C"
14980.7707524387,51.8011002760304,194.299454348512,"C"
13342.0898729176,41.2355617493662,205.362177638389,"B"
14896.4908705716,49.6975347987248,202.437229968422,"B"
15722.7380659681,48.5818223756131,205.635256398079,"B"
16549.2418796389,51.7673592345937,202.979492592873,"B"
16114.0370271085,50.0331721658052,198.213811000119,"B"
14907.361294367,44.6222920750466,207.331170397135,"A"
15804.458699652,50.8922610925763,200.861334392677,"A"
15515.666296358,50.2362280496302,200.515441801264,"A"
14351.1565135906,48.4915335072723,196.639254261608,"B"
14633.7815537309,49.0712028803344,198.894049774328,"B"
13172.2390272565,38.4723544358426,194.787581946928,"B"
14374.5858955814,48.0586884414656,205.044613388575,"C"
14592.9164763296,49.8664410695223,199.931192848373,"B"
14856.5328898214,49.5749495972176,189.111889667099,"C"
16964.0154628386,50.059130896615,199.715450016497,"C"
12804.4632043265,43.1988460433087,200.748564715014,"C"
14456.708304634,48.1664035886479,196.352321696111,"A"
14883.2152263835,49.8053665692574,190.794760970834,"C"
15090.1215820954,48.1078384708868,197.815267372848,"B"
17059.5466784437,52.2265916241493,197.138978354506,"B"
16595.2395907328,50.7635938522221,200.169112342666,"C"
14935.1836317415,48.5862768426885,199.039634118384,"B"
14608.4357949408,51.1211113570656,200.04754482266,"C"
17416.6759405593,51.2052798393684,192.15990559632,"C"
15576.6402248177,51.9835836178978,204.523817857633,"C"
17812.4165579105,54.7913263637936,200.810941750223,"B"
16382.7965977073,52.3831788287519,194.946211828814,"A"
15163.6302871559,52.1451832295163,199.279170966173,"C"
15709.8949723742,48.4766697862339,198.915579212102,"C"
16935.5466195315,49.0889236820671,200.873475087002,"B"
15650.082695549,46.8313296670734,199.86826849443,"A"
15229.8470304924,50.2650792732586,202.49994038156,"C"
15630.429021344,49.3432555168596,198.015671465836,"A"
15907.4360803091,46.8290264670211,202.307897993869,"A"
14169.438597618,51.1035307381059,200.34698948297,"A"
12483.4428499756,44.5865649466674,198.483871737135,"B"
16275.6688082543,51.2868238192816,201.698917803636,"B"
15029.6930685264,49.735630125999,202.259560172313,"A"
15479.836568396,52.7413939934855,198.731602009824,"C"
16441.1587178039,49.624639272455,201.404197593295,"A"
16050.6249878747,53.4362002051753,204.531349797085,"A"
14634.2865608369,48.6523426887314,203.983829125025,"C"
15349.0068985569,50.5995756570837,201.458272155851,"A"
16577.9569955144,48.8613615179906,196.290730072528,"A"
13883.2368625543,52.2395029495574,202.184890979688,"B"
17365.1066320903,55.6056995187467,199.360619388,"B"
15900.0226514784,52.944343641435,203.903390396871,"A"
14966.5260687846,50.302517086213,202.137082067303,"B"
15570.907797329,48.6318114829819,191.333437227327,"C"
14839.2342595478,50.0509297202868,204.752480412854,"C"
12397.3755804885,40.048542919818,193.843800311736,"A"
15821.8716456865,50.2821783981286,202.610284039739,"A"
14795.4204282098,49.0532787394565,198.904771306455,"B"
13988.1769064907,50.1024490914678,201.75670223307,"B"
16199.1403563386,50.0402035011399,203.275529927827,"B"
14372.7253221524,44.9515163888036,197.606358756245,"C"
14837.9388320447,47.3772734962641,203.613048717578,"A"
16473.788307196,49.5369677558399,203.964592078798,"B"
15726.2098482936,52.6363942306002,195.688668959705,"A"
14497.655749274,49.6845928941023,200.228754018202,"B"
13555.7385660665,47.8252595446804,198.785644123487,"C"
15957.6289468794,51.3773675895351,202.338541539912,"C"
15343.8745829102,50.5796152581485,200.46380893906,"B"
16040.6273378123,52.543885941208,201.64403290536,"B"
17069.6099835153,50.6996508670198,201.821884201951,"C"
14700.3126771338,49.8742859876594,192.282869122593,"B"
15449.3606310445,50.4019122826768,204.85883295331,"A"
15562.0111745944,50.846812445226,200.037725224327,"C"
13402.7177834558,50.6433951679504,197.276210349746,"B"
11280.903049876,47.8501463453456,204.472045795485,"B"
18986.7807641997,57.9271449828724,204.774670323393,"C"
16600.8446445814,51.3788280168035,195.584747943465,"A"
16673.3004490324,52.2908332035809,207.15053209862,"C"
17334.5153275704,52.7813474637216,198.804363652032,"A"
16099.440107074,50.5338823561965,195.157255989431,"A"
11777.2831652629,44.8272932158438,195.175694418361,"B"
15305.2151350023,49.2602703892046,198.879136739258,"B"
15898.1699966583,50.2083189402956,207.020935858629,"A"
13670.6495877649,45.9671613558385,193.729767401524,"A"
16591.8618827779,50.1663325999953,198.976994441249,"C"
17204.2972376565,60.0545530980492,197.321276660406,"A"
15186.2373764776,49.8757528607047,199.860288615087,"A"
14926.0447867978,48.5155628791343,199.521455354228,"C"
15911.3698748797,50.8321641940443,202.867114356962,"B"
15349.1619671821,49.736319361124,202.164596520285,"A"
12834.8521809212,43.778110646839,201.707079766989,"B"
15076.135399325,51.0803552660556,200.836234548301,"A"
14696.623506744,50.4921702675743,197.886382049323,"C"
13821.0933760633,45.4701558885953,204.574440107428,"B"
18333.9605022736,51.6334182240174,201.187391984892,"B"
14226.9052621235,52.0867633348785,192.987089128434,"A"
14623.2381518596,49.8734295275533,197.309105034042,"A"
15783.3634732287,51.0403333109292,197.044900310128,"C"
16194.6867604658,47.8263650128059,201.319989595057,"C"
16875.230485505,51.1263345470392,206.215927761754,"B"
13232.4487974569,43.5537170056329,202.713663471235,"A"
15287.2460550421,51.714877150621,195.48175554429,"B"
15221.7815460327,49.3410072934174,196.92997305671,"B"
14810.659376353,48.6473591290624,195.359527694077,"C"
18405.5812361599,50.8614348876757,201.060287018371,"B"
13171.4452559341,42.0652927307522,196.980361366213,"B"
14332.0732619892,50.6478547822725,200.389958471452,"A"
14823.124237206,48.888423691745,202.398947862732,"A"
13263.7423669443,44.8602306468331,204.811992703334,"B"
14984.3094745002,49.1825483947103,198.038579691946,"A"
17286.0934460027,54.30746483072,194.636993034643,"A"
14799.2161542725,50.1212217281011,199.303661798538,"B"
15405.1621319496,50.45114298936,202.772599270291,"A"
13909.1356585959,45.7321104283142,200.624941552098,"C"
12716.6221050083,46.901889431662,196.60809538988,"C"
11604.6440480799,40.0627450341103,204.36179501879,"B"
15387.5873380849,48.7319814855062,197.154196882071,"A"
15362.5811853659,50.1007632533192,199.690163411415,"B"
13578.9276382114,47.5865707829237,199.570378283542,"A"
18144.9011932706,51.3949358753417,202.666833967406,"B"
15095.0392576461,55.3422604055071,193.781025249942,"A"
15215.1140055405,51.4006109608837,200.466921886837,"B"
15343.5167665581,49.5842300068228,201.115279591086,"B"
16500.8347889375,47.5313924213681,203.334967307475,"B"
11983.7540444014,50.0407226611065,198.620220963206,"A"
14346.8170774452,47.8279473776572,200.811577237713,"B"
15425.5105766925,50.1879014897557,203.454364969712,"C"
15203.9468821999,50.478718330767,198.435970038891,"A"
13195.2213941382,44.5079175582605,198.498148016302,"A"
17039.456584233,52.8256892589542,199.538386305954,"A"
15887.6045741658,52.1522875221483,195.801653178178,"B"
15033.1009764091,50.1060586400769,195.545282089632,"A"
15534.1249684996,49.1148848713233,198.684886519254,"A"
15027.0204765797,47.550393698045,199.018526638101,"A"
15838.4678616017,50.1976875321819,198.749627508562,"B"
17416.6200459338,52.8754385055143,202.97515475947,"B"
14997.4709534802,49.3213031592687,197.934916442987,"C"
15178.8597089773,50.9100789974378,201.910176929374,"C"
14766.8551259055,45.4657992640486,200.332947987325,"B"
13354.1218108642,49.2379471056566,205.93149580009,"B"
16451.2719893562,51.2180295406327,196.573877475603,"A"
15889.1835706808,50.2190266453752,198.510899800328,"B"
16496.1807855726,49.9548824366802,201.618837075305,"A"
16152.7841656045,52.4555946710348,200.470597890682,"B"
16076.7545579259,48.6450019597861,197.464054519157,"A"
18495.3454772152,56.1918428836557,204.45924782457,"A"
16110.8774081626,49.832461870976,208.233440481631,"B"
15080.4714635154,49.1509045949021,199.002272345813,"B"
14382.3910688822,46.0838507976096,199.480909988294,"B"
14799.9336920956,50.6206041107507,198.02260293139,"B"
18972.7104060932,50.6900955766056,202.113012089327,"B"
14745.3733904294,50.2046836869788,198.794751540438,"B"
15213.334686701,50.3945538867111,198.821221911662,"C"
17478.6445182172,55.3626822518061,200.930818356358,"A"
16421.6366681976,50.4267066062022,204.699471187798,"A"
12056.25614538,38.9389771315649,193.243130962719,"B"
14767.5927008562,49.7775271589238,196.60084496896,"C"
15747.0780141528,49.7916703122633,196.72825512394,"A"
15304.8739265542,51.9289614241062,194.823875913183,"A"
14629.1299940795,47.5188396296579,210.995698192356,"B"
15894.3434842126,48.3139236717498,194.604186863709,"C"
15052.3609218743,50.1993999601088,205.33832822592,"B"
14452.9149815685,49.6169565099832,195.092609387722,"C"
14938.3096094719,47.9596303618284,203.808018572728,"B"
17051.7146675115,50.5551930979737,201.622897886968,"C"
16389.4443159683,53.7129901100091,202.400832247404,"C"
14791.4699955324,50.0612279954002,203.440947017842,"C"
15087.3970269275,46.8189461145535,202.116792268926,"C"
16542.1236217888,52.9338804745158,202.741046960646,"C"
16226.3476986795,51.3537829280894,196.772218367329,"A"
16971.5342038959,57.9405739522556,202.075731731666,"C"
15729.4502448649,49.0050376600696,201.570876112651,"A"
16626.3862310591,51.1750120763786,199.082756589594,"C"
14441.5186915125,45.7855213211507,197.743879161035,"C"
16086.3504361783,50.7667399333608,201.849028588309,"A"
19510.4832594292,55.6602423384466,203.523652787987,"B"
15104.2636916456,49.4031185379716,199.184232193308,"B"
15566.4295897519,52.1806061910109,193.095648761144,"B"
15482.320020418,48.2544101748884,199.382058979635,"A"
16444.0357057914,51.951320331781,191.409173546378,"C"
15899.9045934622,54.9695604377325,197.883601506774,"B"
15714.0479400583,50.2741777380133,197.735967255237,"A"
15728.5816962519,49.9646755157319,201.856238076119,"B"
16000.6277764558,50.6225233495586,201.637144860984,"C"
17769.5509011915,49.0580847763364,194.118776481473,"C"
15814.1447763341,46.8137976331585,206.079610021566,"B"
14459.1479394665,49.9315580519995,196.404435423565,"A"
15300.8576197713,50.1872994265158,195.652328064661,"C"
16864.4755324478,51.5315570176649,194.981243909599,"B"
14589.0894694495,48.71975276098,195.423805563597,"B"
18619.046758641,58.7361489145641,201.798514478718,"B"
17037.9532022663,52.8577496039957,203.367827120464,"B"
15260.5294770698,52.2589933883691,196.518569387015,"A"
16809.0150665168,51.8243842696033,193.279968967517,"C"
14046.4440833277,50.3554565059711,191.668881730011,"B"
17975.2123434801,53.2639332683806,199.891004389351,"A"
15464.0818481561,51.7336236223755,195.791368106762,"B"
14495.2035949469,49.4902784022076,193.189887911383,"B"
12555.9672522984,42.7947359201647,194.921834250641,"A"
14096.7613536118,50.5985785641378,199.908669308707,"C"
17647.7161033842,60.1716088232623,209.600295847218,"B"
15748.9307887665,49.3184041133847,195.508270792546,"B"
15424.225826141,51.6382257171425,195.964305800335,"A"
14645.8249162806,46.3863040428516,203.132627794982,"A"
13851.246311009,52.4926384114257,200.739917952724,"C"
16580.6950637644,45.9228537375571,192.081362060543,"C"
15828.0690750068,49.9758027406479,201.44525702172,"B"
14587.7403200111,48.4347315868604,203.07201841856,"A"
16522.071303771,50.139250473703,200.636315994729,"C"
15817.253613502,51.6093861469701,200.934465390354,"A"
14001.9435673646,46.9732056132475,191.502636071399,"B"
14694.1241674072,49.8124252816386,195.281900994313,"C"
15386.1993403988,51.8718844037195,194.807754782648,"B"
17304.1155367923,53.1735385556439,197.382718558759,"B"
14472.3980578548,48.5921150404049,203.61352690376,"B"
14901.984256483,45.7767181524355,188.629173849998,"A"
15799.3715141533,50.1029800183226,198.716496666991,"C"
14876.9559771245,49.5186234820943,194.833534680013,"A"
16970.8178924062,55.0734227068153,200.001016492181,"B"
15878.129122469,49.5976688645947,195.282629001365,"A"
11558.3180659726,37.1722807945403,209.725057828453,"C"
15265.7539201571,51.2104296070986,196.863429109088,"B"
16517.1485708626,50.6644349252722,201.082968652122,"C"
16107.7579991963,52.7553976398415,202.205467145462,"B"
13119.8917301711,50.9722266622002,200.186167890708,"A"
14620.8245660528,45.2364311289125,202.354027512521,"B"
14527.9732442005,51.2082880169449,199.944832507308,"B"
14873.2584396089,48.8591690585367,203.138066127309,"B"
14720.8720077802,53.4751262000541,196.042352261296,"A"
14734.9648583477,49.2803863912659,202.43760902857,"A"
14237.0707265526,45.8692574346601,198.94057448095,"B"
14916.7171001108,50.4251337373782,197.9234953768,"A"
15479.3112159843,50.4950225127992,198.694167794567,"A"
14138.5218596827,49.8879883099857,199.933102504988,"B"
15241.209867154,51.5471700985629,199.695430656191,"B"
17051.4586826217,51.2668926166388,198.968783565635,"B"
15325.0524277632,48.3081864956357,209.636841373477,"B"
14970.1503962723,49.0353330355564,197.953474925667,"B"
15361.0080341255,46.981640580864,201.589798717048,"A"
17291.2832437227,50.4102235219366,200.31412515675,"B"
16608.3101348407,58.9718707190917,208.085476893227,"B"
15364.0514275589,50.2031438758424,203.377142324535,"A"
15259.9298363254,50.8347387690081,207.338327132727,"C"
16472.608524396,53.2600900006396,196.991051384876,"C"
17025.7011931014,51.5652871579857,196.952432456141,"A"
15452.1514160699,53.5679231965779,191.805426283793,"B"
16024.434614684,50.2659119528259,204.787760668111,"C"
15057.9485000819,49.8973782976458,204.044443021959,"A"
17554.603384606,52.2182890022908,199.113213257416,"A"
15483.3189667664,50.7271071517491,197.88367539913,"B"
13910.1428743557,52.4845520669327,189.358047013552,"C"
16914.469796389,53.3390930152676,198.829406812638,"B"
13811.5587299869,51.2892248759249,197.860058637036,"B"
14988.0734404833,50.3357939778557,202.483265039559,"B"
16056.5653815354,50.56116008296,195.013079756486,"B"
17865.5386090151,53.880322927601,202.713104185195,"A"
14819.8959682213,49.6929013278735,204.569362836006,"B"
15541.0579422887,48.4980142311673,196.737997078215,"B"
13861.8876678215,47.5425134343103,193.706763068719,"A"
17698.3673567917,51.5714023853713,195.632592185598,"A"
17706.5469391339,61.2825715927745,196.300623088211,"B"
14761.9687989751,47.7412994917563,200.172439034996,"B"
15418.7893302868,49.6290524966534,202.403297347513,"B"
17471.3947149783,57.8167361365878,193.442215581363,"B"
15382.3766557185,47.4159179922564,200.063648894864,"B"
12920.564822932,38.9466220651814,205.216187593527,"B"
15231.2404061541,48.4626947755325,203.921772075621,"C"
14739.5154003704,50.9648606566668,198.564968396931,"A"
13107.231632274,43.6006465489517,192.335009610081,"C"
15232.1068947812,49.3872261061109,201.457687738688,"A"
20165.3358854397,65.3815880889655,195.991787438324,"B"
14375.3461276699,48.5783044473276,199.64136305722,"C"
15038.6557675967,48.9044767943528,201.796397488035,"B"
14418.3692186742,48.4129322180461,203.261902718547,"C"
13946.278246226,50.0774692169779,197.558413737941,"A"
14539.5149219494,51.6877427410522,199.440849127753,"B"
15860.6616887688,50.6228081268607,198.898640572152,"C"
16424.117309875,51.5353324787273,206.076455398398,"A"
12919.2225509657,49.7755609084527,191.214564242199,"B"
15199.4229245173,51.1885201787823,188.778604690211,"B"
20528.4288609166,60.0496482247114,201.899143470242,"A"
15098.3449816393,48.8743106570388,206.084905181069,"B"
15536.9315770013,48.9941951729173,201.738939502386,"B"
17829.8523518732,52.2094872389323,202.017364182492,"B"
15357.4266113764,48.216469795634,200.287589664832,"B"
16365.6657468468,53.2135065872767,197.238028052261,"B"
16850.9854931641,49.9706218294927,195.901063289378,"A"
16462.7210590562,51.1000275122039,203.197772418047,"C"
15895.9890364435,45.9508021607203,194.87798776544,"B"
14133.7086661218,51.7165956366451,188.976038983463,"A"
14864.9012198292,49.5492303261289,208.378003402873,"B"
16062.4369406745,50.3490599461657,201.303928236338,"B"
15923.4204098507,51.8436665583702,200.25486106897,"B"
14908.7600702486,48.2509518880788,195.636067956459,"B"
13647.400963489,51.2716175423597,202.16044482317,"B"
12337.9189566748,41.0412417359378,191.47273249697,"B"
15707.9730902271,51.0110527394724,202.744336117607,"B"
15713.7581007156,48.372906406164,202.033836717626,"B"
15929.9869205995,53.0507583045693,197.277774366084,"A"
16549.2109758635,50.0386685838094,196.465555233759,"B"
16086.7583669862,55.9870064425517,198.14002390864,"B"
15648.5572427356,50.7722099359617,198.587088562118,"A"
14695.0961696045,50.9979402472403,194.826226131827,"A"
16472.2912748712,50.434324129038,205.419015299539,"A"
15177.1516416544,48.7496090525657,199.584961491841,"A"
16645.6798647679,47.5611622811567,193.707102578301,"A"
16133.4265097401,49.8400439705491,206.33361347212,"A"
14950.1854238626,47.2921226589628,202.249564860398,"C"
14464.620728969,47.252974413832,197.202139188055,"C"
15222.123750693,48.1699826081801,200.891203540497,"A"
12925.995518008,44.9373103071932,196.640080312855,"B"
15488.9694194966,51.591562695764,195.876143661273,"A"
16423.9720246577,50.7467923007475,205.058015609287,"A"
12397.9805485109,49.9286810435533,193.893636684685,"B"
13039.452161319,51.9459114980246,194.038254690879,"C"
11549.2820849315,38.7990493920009,189.850664200282,"B"
16218.8234156908,50.0392592462574,197.244885818619,"A"
15068.6053505648,49.6059392703111,199.844636545586,"B"
15856.188916071,50.0201158633317,200.111999093764,"C"
17414.9367008652,51.7647019311369,201.317195996626,"B"
13079.075973887,44.2811384139594,202.46731325286,"B"
16400.1477663315,50.839750692075,205.354400980228,"B"
15088.1686178506,49.5362223577644,203.19767769229,"A"
14091.6611620957,43.8216118562557,200.225018617568,"A"
12473.4591799827,48.6700357837414,193.711917731249,"B"
16687.3386701922,51.6787860362833,210.561990583189,"C"
15022.7387684614,49.5616257675206,199.753816925683,"B"
14033.6172147931,50.3148564175124,194.592538770019,"B"
16022.661977109,49.9422440746929,200.32086455096,"A"
16861.50183103,50.5133909762098,208.811603508777,"B"
15332.0246670839,53.419109564082,204.556539650249,"B"
17053.969182258,49.8808637836567,205.843377321363,"C"
15937.1659685355,50.4566224902116,193.761139908673,"A"
14858.2426066086,51.896211552385,199.306267760137,"B"
13915.5827468298,48.857297632045,202.169819369579,"C"
14674.9544580435,50.3242481568255,192.421847254642,"B"
14649.1321502088,50.427949129681,196.839883050303,"C"
15035.5186409375,50.0731125514581,203.746343952259,"C"
16086.4813071284,51.9109239286769,195.50258292442,"C"
14712.801338184,48.6663402688463,200.784843950522,"C"
9511.2339346322,38.0681672624557,191.518932156069,"B"
15460.4221645668,50.3790442320994,195.284200142795,"C"
15141.5840150434,49.4580396551852,193.825982429903,"A"
12903.7184089027,44.4503472015651,201.163470210795,"C"
16276.2451595521,51.7768231756609,191.762952295272,"A"
17245.3096564093,48.9880251011745,204.217462450625,"A"
14046.5936693123,46.8762781894619,202.243420148704,"B"
16001.0418999136,49.5902575794045,198.805346659372,"A"
17116.1048598407,48.7544284052765,203.828632017516,"C"
15928.3817807239,49.6533592500585,209.139842038527,"C"
13793.2153078045,44.0513663537425,203.300785683077,"C"
15032.3219249077,51.0119672473254,201.18494145044,"B"
15855.8664023508,49.9172989688537,200.870973737546,"A"
15805.7862538923,49.5538997330768,200.086513568578,"C"
18079.8547817376,51.4773117714583,208.067190748,"A"
11233.0792543404,44.3042894904093,196.070186297257,"B"
15499.6094768488,50.1933163070466,205.215274821666,"A"
14168.0132975114,49.378504719178,201.182394056211,"C"
16884.3633700254,52.3170939237637,206.860263839874,"B"
15647.6872222492,51.5022868728113,200.626538242036,"C"
19476.7061929123,59.318618711002,194.134389406542,"C"
15571.6010930075,49.3549263461269,198.760466557415,"A"
14234.0736698944,50.1089261092277,202.038153776478,"B"
12590.7140120841,50.0465680995133,196.530728255176,"C"
16107.5833594578,48.9525627773944,202.054190604357,"B"
17501.3301607131,56.7233814596905,195.732507143181,"A"
15196.4822407981,50.7583725505688,199.169611060248,"B"
15368.1048078146,51.5434316919262,200.05293878589,"B"
13308.7511555633,45.8448550765712,202.011747506058,"B"
17590.4833324355,50.7293640890849,198.695389462056,"A"
11541.6449622988,39.2491223010784,197.262812097204,"B"
15502.6939806747,51.9367798982552,198.301196204753,"B"
15719.8415761169,50.7476122541464,198.530591013817,"B"
15265.7362040377,48.3950599588396,194.661182097489,"A"
12520.0700244898,49.0595579792482,205.371580109259,"A"
11996.2840737241,42.9193979535054,203.236725967408,"C"
15517.1831981673,49.9629387500956,204.671149841894,"B"
16349.2214478182,51.3208483644914,202.554869009804,"C"
14991.6552999828,48.1948641897712,200.385334320577,"A"
16803.5636219529,49.1843354960446,208.706668980275,"B"
14707.536503726,44.818503802486,201.634717586,"A"
14441.1094046934,49.1251277154794,205.203244778385,"A"
16416.1253150635,51.2979640843893,203.835293791737,"C"
16978.9129514518,56.2799768415496,199.849073755298,"B"
16323.5659889542,51.199055578382,202.880715593636,"B"
16369.2412635769,54.9372395829795,196.700416217195,"B"
15632.305673511,49.5741924630042,200.1733639729,"B"
15601.5452218234,49.1175941079076,207.260376301666,"B"
14164.3356018978,47.2121123482432,195.549814904787,"C"
15761.058070469,49.4498952784951,197.829464785748,"B"
18333.8460806098,55.7380757414281,205.975977410638,"C"
15401.9938841707,50.0801632540503,201.126498416054,"C"
15641.3522622047,52.2278123330028,195.842736929562,"B"
15687.0723554118,48.3404495162192,203.002294793753,"A"
16486.6198596319,48.5349135325492,203.587163363778,"B"
10511.4078874402,36.7671005172684,191.258550233193,"B"
14819.2196892269,49.707032465758,196.350184289693,"C"
16086.8344253638,48.1619656763326,202.280411451622,"A"
15182.1636086927,50.4877650628986,197.015961869624,"B"
12296.5491380857,52.4797616293806,197.16694852502,"B"
17622.4098685972,57.93799144706,191.250528050835,"B"
15019.2115380573,47.70871796272,207.401731689843,"B"
16097.4373433493,51.0226526297178,199.073681561564,"C"
15907.4015525129,52.1072349253059,197.846232260345,"B"
15181.3942626565,50.9550801478703,197.011339304993,"C"
17046.9383602637,44.5936589811501,203.742272637168,"C"
15150.1867550706,50.7195527558995,198.50035343923,"A"
17192.0297357217,51.4993540810797,198.86846245719,"B"
17365.010385702,54.8784235978373,199.65960246841,"B"
15415.5970970598,49.1621828563422,202.174298642812,"B"
13209.448745728,43.3343291086127,192.661869729959,"B"
15711.3468520206,49.6028903791538,201.657807541085,"B"
14559.9269310079,50.6601356629617,197.004083331081,"B"
13752.3257507961,48.2414126735878,202.27486892295,"A"
13436.9099082814,48.4778790378541,193.508157009732,"B"
13790.7135309771,45.3930392344641,196.862886742772,"A"
14741.1435903768,48.4346846619811,197.969245798332,"B"
15866.058496759,50.9750917787337,198.917699595496,"B"
16946.0675421998,50.8367499020197,201.775991621415,"A"
14297.4295396754,50.5934000838917,201.071914933246,"B"
19015.5453850204,56.4111202137534,206.82219259403,"B"
14911.3509495502,49.0073060725204,197.427811266788,"B"
15370.3163971733,49.7535852965141,195.855848679925,"C"
16510.949131753,50.5754832723211,202.189428959517,"C"
14303.0252542223,49.3657402788853,201.43971550376,"B"
18736.9286997761,51.4543591204756,202.254439267199,"B"
15273.9298821104,49.6423207987698,197.868510603182,"B"
15014.9235877658,48.1435817137692,201.492986855179,"C"
15414.0241755516,50.6711960853061,198.498083552851,"A"
14326.1513338629,49.3389084647066,197.899884331506,"C"
15464.1583647268,41.9716204527814,194.070487175962,"B"
14494.4902867037,48.6735561783421,198.353188212908,"B"
14708.073190307,50.2121352529614,194.450850598866,"C"
17469.8674589115,51.4650086433179,202.108095597787,"C"
12517.4464181044,47.5395092402811,193.640253540046,"B"
14833.487320296,52.8712708756532,200.28535056043,"A"
15452.6145379244,50.9866780258337,199.235400777255,"B"
14679.4777387092,51.2478648545694,200.635451144851,"B"
15392.9174832069,49.1099210600951,197.674041042242,"C"
14763.5384122327,49.3688123754297,196.80396084006,"C"
18249.4199860907,62.9476106886163,195.909671756811,"B"
15180.2824513347,49.7587962188232,197.360609834418,"A"
16311.3370790114,50.7868018597488,203.30627345825,"B"
15302.6860472752,48.6789197535781,201.258749936049,"B"
16070.1993437033,51.5606653494916,197.934414983699,"B"
9298.52520206528,35.1563094520796,202.206399554175,"B"
15823.8533719616,48.6516626600891,206.106218999588,"B"
15824.0636278738,50.7710382407636,201.896349507051,"A"
17234.3888123499,54.4386446603095,193.033430943132,"A"
12648.2209201356,49.9307470358095,195.223377109869,"A"
13513.7938243549,43.7071710489348,206.132236469394,"A"
15998.4686010727,48.416021401436,201.679926779936,"C"
15402.6722162465,49.2666257311629,197.371545755996,"C"
16226.0139578162,53.1317204300493,200.433221673583,"A"
16935.772024876,50.9244657845135,207.368187724946,"A"
16252.8623073948,59.1473971495334,200.810005822174,"C"
14877.4519178853,49.7436996264462,196.79047560195,"B"
15072.1154241454,51.0328223953944,199.594008635223,"C"
16678.7089529349,50.5922390889555,198.389750878665,"C"
15018.3958758822,50.1004376415808,198.66747885292,"B"
14988.0627203086,48.0697371145978,196.340694844992,"C"
15863.6978371786,50.671521213516,206.148020694434,"A"
15110.7149866871,50.4439291744743,200.080179370251,"C"
17820.6705252707,54.4947107651079,209.349573994855,"C"
14946.6798181238,49.9006493448224,208.615465998216,"B"
15482.3759561506,56.5586040589355,199.854330098696,"C"
16582.1278682198,50.9002253120614,212.919016874712,"B"
15604.9375582793,50.4343054064953,197.591718422455,"C"
16917.4896078907,56.3784535477174,197.587542855672,"A"
15455.0551704726,49.9940593351366,199.098872901804,"C"
14100.9676506966,43.4887940477137,202.439202997899,"C"
16418.5639922501,50.9391565067027,201.736533633119,"B"
15494.2406429208,49.4376459055798,200.4575913674,"C"
15186.6023464658,49.0605633919337,203.946143976447,"B"
16721.2255925271,48.1272650059553,190.747609519438,"C"
20556.8074870717,64.1982883699255,205.773022966014,"A"
15003.8878535959,49.8575810803023,194.775394183309,"A"
15943.7754676639,50.7573254003513,192.663492177285,"A"
17955.8181318602,53.0417511008059,195.256447248865,"B"
14529.8734170215,50.76159686011,196.307854742212,"C"
9885.40330562611,39.0933249515844,205.062751292037,"B"
14908.3498889134,51.6134343180382,201.215245199813,"A"
15552.377259138,50.2477435990389,197.973378168852,"B"
13084.5408320089,48.9987613820694,200.80002720752,"C"
13059.6575712847,51.5447106698711,198.042808307621,"B"
11635.0976119825,45.4358671039212,202.680493620482,"A"
15648.7049437597,52.0287806590507,193.252523340943,"A"
13623.4395559897,49.0584949950539,196.493899322234,"A"
12500.5928409153,46.5167483187952,202.775604180599,"C"
18024.3691400601,51.8902429087275,201.108631487656,"C"
13778.9412256734,41.8453566192728,205.117156453514,"B"
16016.5304058819,50.6517878982548,202.784051876023,"C"
15506.5702144952,50.305958094176,202.445437114717,"B"
15201.9013025778,48.2331784766611,196.681862328712,"C"
17458.3261219279,50.8134910728788,205.405398930568,"C"
13379.8894900736,42.586585079226,195.927293478135,"A"
13572.9124750702,46.7825207725959,200.303661830547,"A"
15288.8432786314,50.4949792115344,202.793679240765,"B"
15299.5741598018,51.9927644139067,198.140941881876,"B"
12123.9224178023,49.1213000586072,204.362679894839,"B"
14904.8286676811,50.0881093457092,204.65113155391,"B"
14916.5569535709,49.1714618524809,203.57880589316,"A"
16067.6149335127,50.1246161080766,201.686379711814,"B"
14084.4380428297,46.7457977242257,197.020891884993,"A"
16993.3461889052,51.8182357845571,201.352046933791,"C"
14404.7902535443,50.4460610510522,200.20368505838,"B"
16026.6065791207,50.1953906906634,195.598271964607,"B"
14957.0358322818,50.1467765299527,199.94656456435,"A"
16519.7542163093,55.3149423962689,201.908280377973,"A"
14746.7239140894,51.8826337657906,200.025534402629,"C"
13399.4303035136,44.9755031471971,195.380100978699,"B"
16478.9289566585,52.5693683887766,193.097874805753,"A"
15653.8200241202,50.6819210334888,200.315500963302,"B"
17587.0807726489,55.9849568489089,198.444976482781,"B"
16837.8370156118,51.2043119473384,200.097526132523,"C"
16536.3304397843,41.2619107447721,200.238773644912,"B"
15238.8932053732,48.9714710850217,197.581978531545,"C"
15627.5760671004,50.0061252523895,201.266401056412,"B"
13863.6217083646,53.7402645460884,191.348791036379,"A"
15575.7549714124,47.7530063593858,205.986915104476,"A"
16031.67775652,49.0379351480709,205.634498992941,"B"
16819.3066560188,51.1679650776884,202.423343268915,"A"
15853.9983116157,50.1792755688679,200.842437199086,"B"
13839.0517739858,46.1961694498972,197.605477235929,"A"
14466.8252190713,51.1461429906277,201.266773462626,"B"
20876.7252872952,64.5817846491828,206.214307978697,"C"
16017.312992479,51.5177137897066,202.51512070049,"B"
15453.5615630692,51.1532538335304,200.557790652085,"A"
16274.7803449497,52.3139446643638,203.029887347185,"A"
15236.0540461882,49.3516249808203,195.602541094638,"C"
18320.7370508874,62.1844930583037,198.988724749366,"B"
15801.8067243391,48.6460903147768,205.180566565572,"C"
16107.1680921056,50.7630119735064,202.135690468627,"A"
15529.4695121514,49.3909440656446,196.541779402797,"C"
13282.0458859494,50.0962683003669,202.481870636814,"B"
12046.8577936863,43.5353758839347,198.951593764824,"C"
15782.1567040465,48.6324396450479,209.70924384706,"C"
15983.5974445167,50.6712742921723,202.766649388228,"C"
13316.9764308069,49.6737583838791,200.315380558066,"A"
13350.3387733762,47.7376106629905,191.116326949773,"B"
15158.8378021912,47.6937143716871,207.966341619669,"C"
14828.5061927046,49.582252543919,199.536670826877,"B"
15922.4359638572,51.8602797147121,201.972782640738,"C"
19143.6258986425,56.9417500725447,203.635991153311,"B"
14446.9731765727,49.781702258747,198.120348417924,"B"
16410.9243906432,55.6831397797989,193.311718878957,"B"
15590.8710546317,50.287087075545,199.132197569248,"B"
16653.9311140637,49.3650376631641,206.203160959595,"C"
17136.9203032525,54.6718074082164,203.887647006726,"C"
15284.4092189822,50.1871439740052,196.173503171308,"A"
16230.7952935046,51.0896405198689,195.412778641031,"C"
16170.2748181486,50.7490587917811,203.845694466906,"C"
15109.5754989966,49.0867333676647,201.566204894452,"A"
16787.9443209211,54.40833525693,207.366926963465,"B"
14326.0820709683,50.5171061664982,196.001528775124,"A"
11029.5019454886,34.1650380028632,195.171181903425,"B"
14715.3951125083,49.5700001933123,202.171442142489,"A"
14465.5883471207,49.0105701403521,204.2290630177,"B"
13383.6972714608,46.5723614400494,191.376364022368,"B"
17635.2794807124,48.4010070203971,202.749828989883,"B"
12427.6611415424,44.2817957312592,192.607798315269,"B"
14792.786820828,49.7820281374655,198.526539427355,"B"
16058.3048907259,51.413463055823,201.844495289747,"A"
15544.2010410164,53.1066314565025,199.043766160007,"A"
12992.6396917048,47.9752467370568,198.573637934899,"C"
13110.7769102059,50.2523791945186,202.020055453428,"B"
15909.9490952282,50.8566733889551,193.31924532578,"B"
14435.1886803144,48.4398757215097,201.200241103958,"B"
15376.6823120593,54.2105893715815,201.493795892409,"B"
13081.0030922653,50.9302622661854,194.198799076458,"A"
22741.0733682473,71.641379485176,205.547205617624,"A"
15161.5730369804,49.2886370228527,199.922366149103,"C"
16163.5860673624,49.7229255819614,203.083354698646,"B"
17888.0844445618,54.7270053805325,197.682538019928,"A"
14818.2382198744,49.2186371949448,198.014933812371,"A"
13390.2670176313,45.9639945300866,201.775938074896,"B"
16335.5607540568,50.1317146868687,203.352188552054,"C"
16865.1436675815,50.5528398551882,204.471687071004,"B"
16830.0338393661,53.3864462865322,201.803539536239,"B"
16732.0495387791,51.640970060108,200.048662193294,"B"
11733.2339249238,34.0203843237801,198.473781108807,"B"
15719.6251488412,49.7746452078711,203.689041123714,"B"
14876.1719706765,49.4523951053633,199.474793758722,"C"
15330.8326679604,46.3063156350562,204.493515085657,"C"
13609.7216034726,47.0897467620782,204.302842109518,"C"
14443.202862956,43.7085166304378,201.540668489711,"B"
15716.1111036669,50.4630452966766,197.478291711216,"C"
15496.5892279836,48.402369368875,194.355938169655,"C"
16134.3105277695,48.518739286819,193.702108705808,"B"
17914.2271815677,49.5981413956284,194.340441746662,"C"
11405.927710698,46.8305767855364,188.389822596936,"B"
16519.3080620571,52.0417730239072,204.799082455759,"A"
16208.7312839648,50.6813999550879,198.397199597207,"A"
16120.0174214535,51.2850962739759,199.578757731357,"A"
15768.0154227207,52.3404579923212,194.679482949962,"B"
13219.793507102,43.6421769539694,204.20917460634,"B"
16057.2991333999,51.5068133401062,197.898099821861,"B"
16535.6838567031,50.6389651292426,201.307791254906,"B"
16813.0873535837,52.9138814120313,203.346739112977,"A"
16080.8200900371,50.8695618373783,203.125456715464,"C"
21758.4597754009,63.0633803249943,205.587914664949,"B"
14696.5062204728,51.3902240598586,197.621074244914,"C"
14565.2040312657,49.8373771463634,197.390628079922,"A"
13922.5044249535,49.4233301208031,200.577688308016,"A"
16946.4434674983,48.9987891077145,202.287559295927,"B"
18764.3443527682,58.1990075657068,200.947390255958,"A"
14947.7303952877,49.2659115448406,197.146850732565,"A"
15226.1002189513,49.3252118505298,201.62647313043,"B"
16631.7589811444,54.2899813008505,195.274248675166,"B"
15671.3810124947,52.2195608562902,197.335454235593,"C"
16874.3651691353,54.349365404872,196.574079788935,"A"
15835.6521728641,50.5855516093171,198.664710355197,"C"
15649.1504264549,47.7731873388115,203.819154253399,"B"
15701.3423935718,48.6524995845073,201.123552722682,"A"
18222.6938094774,49.9993791972618,203.241923025331,"C"
15424.2931269101,50.5697240134781,195.895567005874,"B"
16932.5505570718,49.8015619753093,205.147078139605,"C"
15868.8686775287,51.4784394718444,201.450874783985,"B"
15886.9072721559,48.6836767225885,202.145820324099,"A"
12973.1952468684,48.3125747875436,196.949087886635,"C"
11705.4005116215,43.3334276477196,203.549375704431,"A"
15539.0207686029,51.7306276482542,199.611666454206,"A"
14471.1876186077,48.5194574539637,196.962108564791,"C"
16807.5617888554,52.5226189529624,208.719951369136,"B"
15027.219545909,49.6322989115913,204.117416708332,"B"
18185.7410679202,56.0486128705436,201.590307301561,"A"
13882.4979125229,50.1237541274285,189.207453867562,"B"
16276.5432242636,51.81405232879,209.020151706543,"B"
13804.8051754347,44.5081985959213,200.415880740287,"B"
16498.2990293564,49.2322815090056,199.399065922517,"B"
14569.983470278,54.6107143803546,203.561512772327,"B"
14532.2596059852,49.3635599763631,206.847469285531,"B"
16242.5337228937,51.381486768762,202.575365245627,"B"
13450.3779373723,45.4981159525931,199.338779603983,"A"
15221.19440219,51.6955667709215,198.798471073023,"B"
12797.699114082,42.3150619283821,202.977013359945,"A"
15134.6174227047,48.5925932618568,198.657978576787,"C"
15374.3917211967,48.6103359545823,203.436605288461,"C"
17058.1330711294,53.9562678460722,205.52314781659,"B"
16867.1858841423,51.0701926811352,205.384362741197,"C"
11492.3277286705,41.3129402613182,207.914822432833,"A"
15952.3978962347,51.0383812755172,198.73663737551,"B"
14727.9819066166,49.0471597346587,195.666381441713,"A"
15121.981914264,52.5463286005536,193.014875436115,"A"
15509.758434169,51.0193012237507,202.984385121736,"B"
15794.735896247,47.8604706898269,196.676387146971,"B"
16133.3950328932,51.301896364814,207.686623781159,"C"
14772.9819734187,51.544419247318,199.793702367448,"C"
14560.6177973599,52.6229724155182,204.455613164376,"B"
16995.6632002348,50.5616146898749,208.358011408712,"A"
16146.9935475619,53.8167815801659,195.451222036087,"C"
15274.3360135826,50.1057637252419,199.691446705725,"A"
16305.6046488564,50.5807511631088,204.614871233926,"C"
16201.5569177068,52.3599159308036,203.513452666187,"B"
14393.1975175317,50.2019341321912,197.86232332472,"C"
20668.4722252812,61.2686447038595,197.250215449778,"A"
15025.5877105704,49.8079247987951,202.390740896014,"A"
14520.2289484847,50.1367664864849,193.420774274896,"A"
15651.3795184236,51.2518041596277,198.749630532656,"B"
13265.6698095793,48.9486659253873,198.370966557638,"B"
12282.6318457391,38.972020767192,191.345305717706,"C"
15428.0980819317,50.4334240766745,199.788192124326,"C"
15203.9028890984,50.6419777814071,200.099781995547,"C"
15382.1379248827,52.8916260959019,203.323721003998,"B"
16469.9794169317,48.260777007135,200.917644668631,"B"
15411.8467412905,46.1369944697223,199.105201032705,"C"
14035.6307588467,45.6857654696522,200.516878393514,"B"
15154.9348874833,50.4755196084805,195.087282341637,"B"
15357.6598077442,48.6913062211803,199.061354008566,"C"
17002.6000538806,51.0932391160363,202.450280545107,"C"
11059.07895475,43.4897720906905,192.913883112923,"A"
15574.0343103357,50.9935772933126,194.760953502633,"B"
16006.4485291226,51.3987456174665,201.107247284628,"A"
15035.0958082938,56.4700367966661,196.266954387244,"A"
15540.4580357185,46.6353011185936,206.553752600113,"B"
15900.5282299249,52.5882408587365,203.261345736546,"A"
15293.2765324333,51.0034538600062,203.592108725667,"A"
16285.2867455124,50.8153367372931,198.622980447654,"A"
18148.2245012405,54.8872962585911,197.830485620537,"C"
15654.941839218,49.8291130033436,199.049216899565,"B"
14800.6094796495,42.2477056848764,198.604893561362,"B"
15113.5220871521,48.499644758063,198.014080239896,"B"
15943.9991739671,49.4849442518844,204.578497267345,"A"
17356.9204390646,51.3881344274425,204.61544510778,"B"
15185.3260749669,49.1231165435835,201.533637112054,"C"
17436.0078145804,51.641627635959,202.073999214565,"A"
16644.8751112744,52.4006119079302,205.334041493909,"A"
15865.5517589066,51.5572275418328,201.628478965174,"A"
15605.674944713,48.8397139051006,194.205520646564,"A"
14957.389392716,50.8184258304401,204.61112183633,"B"
11844.2012511563,34.460157594942,197.365921319682,"C"
15923.6045413576,51.0086585757518,201.323705201304,"C"
14955.5466241008,50.4481689477862,195.364598279118,"A"
16854.9932695372,50.7392516958299,197.258668321244,"B"
16461.5181632842,48.5424649684082,206.218475350198,"B"
19172.9065922339,57.4251320510608,197.831142299037,"A"
16151.5153399933,49.9883486510102,206.304167500529,"A"
14184.2858931196,48.0236579955134,202.155152229486,"C"
15326.9470230291,54.6062081593606,201.326715388597,"A"
17997.4061680754,50.5407735903607,196.300305043256,"B"
13373.1027268292,36.0469676901368,207.306684506803,"C"
15335.2190694582,50.0988111964867,192.85851415515,"B"
15650.8540838065,51.381254184246,206.476466435787,"A"
15249.6675878024,47.2552201622898,200.470976593672,"C"
15493.6071344759,50.764503315306,203.846787026157,"A"
18057.0448081956,58.7784021397674,200.799235211216,"B"
15687.7763565497,48.7462657233254,204.928915364922,"B"
16499.8575090533,51.3290933844813,203.799378332242,"B"
15181.0319001756,52.449863217008,204.719661342386,"B"
16958.7589076461,50.7866693473914,196.415372979549,"C"
13671.8023998879,46.619700933624,206.60071723936,"B"
15175.7994746993,51.2249224738752,201.419968206936,"B"
16654.3163355001,50.2158980787637,206.963702028121,"C"
14444.6703941757,44.986914143073,196.646211188207,"B"
12383.3438200754,49.9131034919646,198.191122372136,"A"
17433.6352946936,55.0373391421071,205.579347504571,"C"
15439.2379788968,49.0433928267042,199.568411533385,"B"
16145.3718510723,52.2218080460736,201.142057152007,"C"
13829.7413884759,43.9786137194787,203.980168352856,"B"
16135.4335524056,50.2187245804518,205.612818340202,"B"
13555.8483566405,44.078935488026,203.073184188835,"C"
16811.0980262095,50.6057629373233,208.229286995336,"A"
16304.8342707652,50.616406370555,205.400200817797,"B"
19333.0895776372,54.3436500195192,197.519604190068,"A"
17698.5105341727,50.0613484689757,197.897581910239,"B"
15863.6152845193,43.7517064477406,208.320916166441,"B"
14632.7253012997,49.9618969163811,194.547496709959,"C"
15194.3812208119,51.7568577498107,196.948890405486,"B"
14799.3668570208,47.4188006702668,204.724542217639,"A"
17077.8051124734,50.7401920750839,203.228126811789,"A"
17927.0438024827,52.2044388301215,206.1464025945,"C"
15067.5489309145,49.9984983972132,201.53872397951,"B"
15376.9494568017,51.493858545148,197.060063795238,"A"
19352.4360525845,58.0887259259728,211.245938906162,"A"
14564.6410740995,50.579233178417,197.740363980514,"A"
12338.2446739683,39.6248809420982,194.581559128189,"A"
15405.8345209823,47.9513160212805,198.712313123874,"B"
15247.2737295792,50.1663096723702,198.558866625854,"C"
18691.4290729221,57.1887301311192,193.554392165962,"A"
17375.1030113003,49.4744263791545,200.424263791867,"B"
13680.5817414138,46.9438219866638,197.571955177153,"A"
15931.0238096568,51.0518774048199,198.907079732544,"A"
15546.3334358799,49.2323000416591,204.33208249827,"A"
17225.2281035451,52.7496093841654,202.9904738759,"C"
16413.8809832634,50.3032513966729,207.417042295814,"B"
13464.131155599,53.0888627882626,202.422646314773,"B"
13756.0039390589,49.0146175288365,190.133306815476,"A"
15444.9826592923,49.6407609510129,198.723137126863,"B"
16095.6095942093,54.4144167483809,199.449873849414,"B"
16280.4573176194,49.7752549568004,203.182035130101,"B"
10920.166741717,44.4601349733977,199.27735197499,"B"
14054.5399009641,50.7746714479317,197.43260092898,"B"
15424.6312374191,49.2648995313656,200.76480905624,"A"
15700.0820080243,51.9289269005536,205.568968289557,"B"
12939.4948593514,49.4694708573494,201.560496420644,"B"
16911.3887221785,52.9099014212251,197.382357815716,"B"
16351.4122681985,51.2096294809316,205.572502113282,"C"
14335.9872746077,47.0363268366754,197.072478533302,"B"
16654.9093930786,49.9320311810572,193.80719584252,"C"
15456.8381800426,49.9944946034967,201.130271870915,"C"
16307.0474267016,51.6653171260569,201.645821208659,"B"
14867.4999625732,51.6569370834357,200.377430854815,"B"
15011.1518840982,48.3605022284407,197.43295750188,"B"
15795.9564109098,47.1105810138492,202.305811970692,"B"
13983.2748641539,49.5505388437895,191.533439970319,"B"
12707.2176110691,43.0165594466307,201.406203039746,"B"
14506.2034964817,50.1929784713274,198.169467151832,"A"
15101.8657383673,49.8674313235801,196.803446726975,"A"
13605.6805399692,48.0135546269558,196.312935305969,"C"
12497.6745841146,48.9530598356645,202.736873418041,"B"
19757.547279882,59.1130540601964,206.263162956891,"A"
16158.4090197406,50.3998648876541,199.457232147654,"B"
14694.7276501381,48.843937366903,202.312072161188,"B"
12536.0094830483,41.3420499641065,202.276334828463,"A"
16615.6674465414,50.7506234521945,202.947923146244,"B"
15032.5127739342,48.7678692219239,200.961317778504,"C"
15818.881964419,50.31436089116,201.93522164907,"B"
14904.458428763,47.8142765134018,199.489421023704,"C"
15407.8965845441,49.7141660137094,203.443440712688,"B"
14136.8503832445,49.6628096768872,198.711803294589,"A"
15004.8255021067,62.3763013358154,189.064004396723,"C"
15961.8984835206,49.1425785457545,202.81566115228,"C"
16315.7455306201,50.3626815276768,200.502825875007,"B"
16138.5979827248,48.1498003544212,201.867192324309,"B"
16718.3839422511,49.4670651543834,202.561395678016,"A"
12794.3839746447,48.4314788650296,196.583345148748,"B"
15812.8820833773,49.7889953105134,208.448104270523,"B"
14882.1574896365,50.4805629103632,199.119840664348,"A"
13301.7299362297,45.4540870828053,194.946172473162,"C"
14160.8722788988,51.312033032104,194.760270519069,"B"
10849.7615705073,33.8486990815781,208.183536542951,"A"
14513.1869429508,47.5857129879344,199.975683791762,"C"
15957.7025557395,51.0181263915054,205.612060315476,"B"
16250.0469712007,52.0626652322883,203.892842890551,"A"
14405.7410928253,47.6603976283806,210.37636897887,"C"
15513.0159958331,54.9842165157185,192.251883148229,"A"
14226.4412955493,48.8893774319058,196.842052177107,"C"
15795.2676853647,49.9615048876158,207.848615652169,"A"
14824.9464271953,45.9999023548052,200.788197147336,"B"
11814.0516483396,49.2998446508205,195.63929705226,"C"
14040.5213305885,51.4339947330321,191.37445110555,"B"
15243.7203080237,48.0888569662848,202.068628544391,"B"
15783.9008175623,49.6021171859636,195.110987696216,"B"
14838.9370429781,49.9866671913909,199.032522945293,"B"
17463.5561677433,49.2785826417204,196.511614842123,"A"
9654.21491643904,41.1624565117419,199.125495847506,"B"
15058.5707245161,49.7573019679222,202.185777195035,"C"
